Pipeline,Condition,Num Images,Avg FPS,CPU %,Memory (MB),Energy (kWh),CER,WER,Digit Accuracy,Data Source,SVHN Fallbacks,Timestamp,Pipeline ID,Detector,Recognizer,Active Recognizer,Num Samples,Evaluated Samples,Avg Latency (ms),Peak Memory (MB),Sequence Accuracy
YOLO + Tesseract (yolo26n.pt),clean,50.0,2.1709842208112504,51.93083700440529,6391.052157901982,5.8521799387680464e-05,1.0,1.0,0.0,,,,,,,,,,,,
YOLO + Tesseract (yolo26n.pt),clean,50.0,2.695003281188906,54.45,6681.547809103261,5.785742595712717e-05,1.0,1.0,0.0,,,,,,,,,,,,
YOLO + Tesseract (yolo26n.pt),clean,50.0,2.3789164014646937,47.75336538461538,6421.76571890024,4.988733832988089e-05,1.0,1.0,0.0,,,,,,,,,,,,
YOLO + Tesseract (yolo26n.pt),clean,50.0,1.8604573424990605,60.76704545454545,6916.982924952652,8.956341538921767e-05,0.98,1.04,0.0366666666666666,,,,,,,,,,,,
YOLO + Tesseract (yolo26n.pt),clean,50.0,1.5337557738026175,62.90249221183801,7483.7798870716515,0.0001039234756853,0.98,1.04,0.0366666666666666,,,,,,,,,,,,
YOLO + Tesseract (yolo26n.pt),clean,50.0,2.223616921454692,54.17713004484306,7315.916094450673,6.568629878039061e-05,0.98,1.04,0.0366666666666666,,,,,,,,,,,,
YOLO + Tesseract (yolo26n.pt),clean,50.0,2.40927045811479,57.38,6545.452553353659,6.618938919342312e-05,0.98,1.04,0.0366666666666666,,,,,,,,,,,,
YOLO + EasyOCR (yolo26n.pt),clean,50.0,2.175723263245851,67.00933333333333,6712.196701388889,6.882078219735167e-05,0.976,1.04,0.0433333333333333,,,,,,,,,,,,
YOLO + EasyOCR (yolo26n.pt),clean,50.0,2.1312514477257207,69.40391304347825,6330.998692255434,9.199749412452306e-05,0.96,0.96,0.04,,,,,,,,,,,,
PaddleOCR (End-to-End),clean,50.0,4.146986797698524,37.059322033898304,6532.996590307203,3.6349796803314058e-06,1.0,1.0,0.0,,,,,,,,,,,,
YOLO + EasyOCR (yolo26n.pt),clean,50.0,2.569345209096156,69.16335078534031,6005.025441753926,7.102162159333142e-05,0.976,1.04,0.0433333333333333,,,,,,,,,,,,
YOLO + Tesseract (yolo26n.pt),clean,50.0,3.050461966034572,56.66196319018406,6974.282040835889,4.75020403530645e-05,0.98,1.04,0.0366666666666666,,,,,,,,,,,,
YOLO + Tesseract (yolo26n.pt),clean,50.0,0.9270219686249191,54.15786516853933,6691.222056413858,0.000168243035849,0.4039999999999999,0.4039999999999999,0.7174444444444444,,,,,,,,,,,,
YOLO + Tesseract (yolo26n.pt),clean,50.0,2.7123610198415973,64.80054644808743,6560.880272370218,6.33446967756175e-05,0.98,0.98,0.02,,,,,,,,,,,,
YOLO + Tesseract (yolo26n.pt),clean,50.0,2.1645775517394594,48.88026315789473,6431.008223684211,7.08432174371781e-05,0.22,0.22,0.78,SVHN Dataset,49.0,,,,,,,,,,
YOLO + Tesseract (yolo26n.pt),clean,100.0,4.542342408901636,71.10733944954127,6377.779798595184,9.881293614414688e-05,0.2,0.2,0.8,SVHN Dataset,99.0,,,,,,,,,,
YOLO + Tesseract (yolov8n.pt),clean,50.0,0.8212295951620967,45.788079470198674,6923.704120964404,0.0001913812874405,0.212,0.212,0.8655252525252525,Sample Video,0.0,,,,,,,,,,
YOLO + Tesseract (yolo26n.pt),clean,,0.0817927786813311,52.12396694214876,7038.436402376033,5.789929120727697e-06,,,,uploaded_images,,2026-03-30T09:49:41Z,yolo26n_tesseract,yolo:yolo26n.pt,tesseract,tesseract,1.0,0.0,487.04075813293457,7262.44140625,
YOLO + Tesseract (yolo26n.pt),clean,,0.8651328819779146,69.47583187390543,7380.794535354641,0.0002481448819195,0.704,0.704,0.4038095238095238,sample_video,,2026-03-30T09:51:03Z,yolo26n_tesseract,yolo:yolo26n.pt,tesseract,tesseract,50.0,50.0,1016.7009687423706,7552.03515625,0.0
YOLO + EasyOCR (yolo26n.pt),clean,,1.0284602331688253,84.34885177453027,7096.355558455115,0.0002527065143623,0.4679999999999999,0.4679999999999999,0.651984126984127,sample_video,,2026-03-30T09:52:53Z,yolo26n_easyocr,yolo:yolo26n.pt,easyocr,easyocr,50.0,50.0,758.2497072219849,7447.6875,0.04
Tesseract (End-to-End),clean,,2.1081972883149125,25.96,7176.354172207447,4.724935301915385e-05,0.436,0.436,0.6363333333333333,sample_video,,2026-03-30T09:55:09Z,ocr_only_tesseract,full_frame,tesseract,tesseract,50.0,50.0,263.8266372680664,7342.609375,0.04
YOLO + EasyOCR (yolov8n.pt),clean,,0.1208851483241745,34.00731707317073,7198.317692454269,6.437655238404011e-06,1.0,1.0,0.0,uploaded_images,,2026-03-30T10:08:49Z,yolov8n_easyocr,yolo:yolov8n.pt,easyocr,easyocr,1.0,1.0,318.1471824645996,7652.84375,0.0
YOLO + EasyOCR (yolo26n.pt),clean,,0.1425436356160888,25.981428571428577,7263.519921875,5.26515728462901e-06,1.0,1.0,0.0,uploaded_images,,2026-03-30T10:09:36Z,yolo26n_easyocr,yolo:yolo26n.pt,easyocr,easyocr,1.0,1.0,326.5645503997803,7333.50390625,0.0
Tesseract (End-to-End),clean,,0.1002008171245453,74.63673469387754,7479.184271364796,1.291729618035186e-05,,,,uploaded_images,,2026-03-30T10:15:10Z,ocr_only_tesseract,full_frame,tesseract,tesseract,1.0,0.0,1460.336685180664,7585.7734375,
Tesseract (End-to-End),clean,,0.1380916926911461,29.25555555555556,6603.271864149306,4.5361743135304935e-06,1.0,1.0,0.0,uploaded_images,,2026-03-30T10:15:51Z,ocr_only_tesseract,full_frame,tesseract,tesseract,1.0,1.0,302.9451370239258,6882.546875,0.0
YOLO + Tesseract (yolov8n.pt),clean,,0.5420735006713999,70.06464646464646,7007.021490951179,0.0004112428376115,0.544,0.544,0.5768412698412698,sample_video,,2026-03-30T10:21:09Z,yolov8n_tesseract,yolo:yolov8n.pt,tesseract,tesseract,50.0,50.0,1684.221568107605,7610.1875,0.0
YOLO + EasyOCR (yolov8n.pt),clean,,0.7775030259896567,92.61019108280254,7260.818384255574,0.0003877957217414,0.388,0.388,0.7669971139971139,sample_video,,2026-03-30T10:23:04Z,yolov8n_easyocr,yolo:yolov8n.pt,easyocr,easyocr,50.0,50.0,1141.556096076965,7605.87109375,0.0
YOLO + Tesseract (yolo26n.pt),clean,,0.1831826154377391,67.77229199372056,7083.720227874804,0.0012449695125211,0.392,0.392,0.7032539682539681,sample_video,,2026-03-30T13:21:14Z,yolo26n_tesseract,yolo:yolo26n.pt,tesseract,tesseract,50.0,50.0,5176.661601066589,7688.828125,0.14
YOLO + Tesseract (yolov8n.pt),clean,,0.1806954506368347,29.91610076670318,6579.924256685834,0.0008840658063801,0.152,0.152,0.9068181818181816,sample_video,,2026-03-30T13:58:41Z,yolov8n_tesseract,yolo:yolov8n.pt,tesseract,tesseract,50.0,50.0,5351.997075080872,6787.57421875,0.36
YOLO + Tesseract (yolov8n.pt),clean,,0.1167416781031726,17.284705882352938,6504.255376838235,4.661012563332331e-06,,,,uploaded_images,,2026-03-30T13:59:06Z,yolov8n_tesseract,yolo:yolov8n.pt,tesseract,tesseract,1.0,0.0,270.6096172332764,6540.13671875,
YOLO + Tesseract (yolo26n.pt),clean,,0.0829226399903663,35.97264957264957,7130.010917467948,5.3493119747451495e-06,1.0,1.0,0.0,uploaded_images,,2026-03-30T14:30:36Z,yolo26n_tesseract,yolo:yolo26n.pt,tesseract,tesseract,1.0,1.0,510.8907222747803,7149.984375,0.0
YOLO + Tesseract (yolo26n.pt),clean,,0.3591812938512602,14.225,6596.306082589285,3.691726194240508e-06,1.0,1.0,0.0,uploaded_images,,2026-03-30T14:53:10Z,yolo26n_tesseract,yolo:yolo26n.pt,tesseract,tesseract,1.0,1.0,59.62729454040527,6621.6875,0.0
YOLO + Tesseract (yolo26n.pt),clean,,0.101512685939416,24.992857142857144,7238.437460140306,5.3738822891842194e-06,1.0,1.0,0.0,uploaded_images,,2026-03-30T15:02:40Z,yolo26n_tesseract,yolo:yolo26n.pt,tesseract,tesseract,1.0,1.0,549.656867980957,7389.7890625,0.0
YOLO + Tesseract (yolov8n.pt),clean,,0.1250589805354766,38.12025316455697,6830.953817246836,4.789891537465901e-06,1.0,1.0,0.0,uploaded_images,,2026-03-30T15:03:09Z,yolov8n_tesseract,yolo:yolov8n.pt,tesseract,tesseract,1.0,1.0,365.8144474029541,7180.44140625,0.0
EasyOCR (End-to-End),clean,,0.107702397270299,28.6945652173913,6624.789869225543,1.2483020430918592e-05,0.6666666666666666,0.6666666666666666,0.5,uploaded_images,,2026-03-30T15:04:29Z,ocr_only_easyocr,full_frame,easyocr,easyocr,1.0,1.0,1659.6887111663818,6696.453125,0.0
Robust YOLO + Tesseract (yolo26n.pt),clean,,0.0732155965009112,24.40671641791045,7001.37645755597,1.0549397372619991e-05,1.0,1.0,0.0,uploaded_images,,2026-03-30T15:11:40Z,robust_yolo26n_tesseract,yolo:yolo26n.pt,tesseract,tesseract,1.0,1.0,1930.0501346588128,7326.05078125,0.0
Robust YOLO + Tesseract (yolov8n.pt),clean,,0.0983428092994229,26.837623762376243,6983.690710086634,6.629389142485444e-06,1.0,1.0,0.0,uploaded_images,,2026-03-30T15:17:39Z,robust_yolov8n_tesseract,yolo:yolov8n.pt,tesseract,tesseract,1.0,1.0,993.8395023345948,7608.48046875,0.0
Robust YOLO + Tesseract (yolov8n.pt),clean,,0.1215250350228367,20.23414634146341,6893.971655868902,7.269672371781169e-06,1.0,1.0,0.0,uploaded_images,,2026-03-30T15:18:01Z,robust_yolov8n_tesseract,yolo:yolov8n.pt,tesseract,tesseract,1.0,1.0,1177.5281429290771,6961.6875,0.0
Robust OCR (End-to-End),clean,,0.0885853728017545,18.52410714285714,7014.458112444197,1.763721081677776e-05,1.0,1.0,0.4,uploaded_images,,2026-03-30T15:18:23Z,robust_ocr_only,full_frame,tesseract,tesseract,1.0,1.0,4414.381504058838,7063.0625,0.0
YOLO + EasyOCR (yolov8n.pt),clean,,0.0788728298639106,16.115199999999998,6609.2215625,4.3398978246702575e-06,1.0,1.0,0.0,uploaded_images,,2026-03-30T15:22:41Z,yolov8n_easyocr,yolo:yolov8n.pt,easyocr,easyocr,1.0,1.0,256.1023235321045,6751.0625,0.0
Robust YOLO + Tesseract (yolov8n.pt),clean,,0.0949448647775487,20.42980769230769,6705.823392427885,8.50779508597876e-06,1.0,1.0,0.0,uploaded_images,,2026-03-30T15:30:18Z,robust_yolov8n_tesseract,yolo:yolov8n.pt,tesseract,tesseract,1.0,1.0,1559.0159893035889,6749.67578125,0.0
Robust YOLO + Tesseract (yolov8n.pt),clean,,0.0999334801951987,19.77676767676768,7353.269846906565,7.500688309160577e-06,0.7272727272727273,0.7272727272727273,0.4,uploaded_images,,2026-03-30T15:38:42Z,robust_yolov8n_tesseract,yolo:yolov8n.pt,tesseract,tesseract,1.0,1.0,1311.0408782958984,7459.06640625,0.0
Robust OCR (End-to-End),clean,,0.0923983724613768,17.855555555555558,6479.586552372685,1.7779562419885438e-05,0.9090909090909092,0.9090909090909092,0.1538461538461538,uploaded_images,,2026-03-30T15:39:08Z,robust_ocr_only,full_frame,tesseract,tesseract,1.0,1.0,4443.255662918091,6874.89453125,0.0
YOLO + EasyOCR (yolov8n.pt),clean,,0.1421522817108959,18.714285714285715,6586.733258928572,3.995393783724824e-06,1.0,1.0,0.0,uploaded_images,,2026-03-30T15:39:38Z,yolov8n_easyocr,yolo:yolov8n.pt,easyocr,easyocr,1.0,1.0,144.31309700012207,6604.34375,0.0
YOLO + Tesseract (yolov8n.pt),clean,,0.1541855285790874,14.4109375,6603.876953125,4.030684591989194e-06,1.0,1.0,0.0,uploaded_images,,2026-03-30T15:40:03Z,yolov8n_tesseract,yolo:yolov8n.pt,tesseract,tesseract,1.0,1.0,143.16463470458984,6664.83984375,0.0
YOLO + PaddleOCR (yolov8n.pt),clean,,0.1467558273743321,16.904411764705884,6540.421013327206,4.336666471721488e-06,1.0,1.0,0.0,uploaded_images,,2026-03-30T15:40:50Z,yolov8n_paddleocr,yolo:yolov8n.pt,paddleocr,easyocr,1.0,1.0,203.33075523376465,6591.05859375,0.0
PaddleOCR (End-to-End),clean,,0.0804124718948201,53.072131147540986,6788.822809938524,4.053841233636709e-05,0.8181818181818182,0.8181818181818182,0.5,uploaded_images,,2026-03-30T15:41:15Z,ocr_only_paddleocr,full_frame,paddleocr,easyocr,1.0,1.0,6037.956953048706,7272.0390625,0.0
EasyOCR (End-to-End),clean,,0.0809892296958989,52.8702479338843,6903.994641012397,3.758793972811609e-05,0.8181818181818182,0.8181818181818182,0.5,uploaded_images,,2026-03-30T15:41:41Z,ocr_only_easyocr,full_frame,easyocr,easyocr,1.0,1.0,5445.049285888672,7531.12109375,0.0
Tesseract (End-to-End),clean,,0.088517159709217,16.954464285714288,6185.468052455357,1.8399278703602976e-05,0.9090909090909092,0.9090909090909092,0.1538461538461538,uploaded_images,,2026-03-30T15:42:13Z,ocr_only_tesseract,full_frame,tesseract,tesseract,1.0,1.0,4665.386915206909,6257.69140625,0.0
EasyOCR (End-to-End),clean,,0.0704784108885251,48.0427536231884,7210.505576313406,4.707656270781133e-05,0.8181818181818182,0.8181818181818182,0.5,uploaded_images,,2026-03-30T15:47:55Z,ocr_only_easyocr,full_frame,easyocr,easyocr,1.0,1.0,6401.735782623291,7562.6171875,0.0
YOLO + Tesseract (yolov8n.pt),clean,,0.1395569073249921,18.29295774647888,6627.21357834507,4.411885800863603e-06,1.0,1.0,0.0,uploaded_images,,2026-03-30T15:48:37Z,yolov8n_tesseract,yolo:yolov8n.pt,tesseract,tesseract,1.0,1.0,207.80611038208008,6810.6640625,0.0
YOLO + EasyOCR (yolov8n.pt),clean,,0.141398552829686,15.09857142857143,6939.697265625,4.663779118578392e-06,1.0,1.0,0.0,uploaded_images,,2026-03-30T15:48:58Z,yolov8n_easyocr,yolo:yolov8n.pt,easyocr,easyocr,1.0,1.0,192.5516128540039,7064.15234375,0.0
YOLO + PaddleOCR (yolov8n.pt),clean,,0.1469644303880231,17.73676470588235,6474.150505514706,4.247141765520739e-06,1.0,1.0,0.0,uploaded_images,,2026-03-30T15:49:21Z,yolov8n_paddleocr,yolo:yolov8n.pt,paddleocr,easyocr,1.0,1.0,148.28181266784668,6520.2578125,0.0
Robust YOLO + Tesseract (yolov8n.pt),clean,,0.1247127228829327,19.02278481012658,6674.589942642405,8.262738935461871e-06,0.7272727272727273,0.7272727272727273,0.4,uploaded_images,,2026-03-30T15:49:51Z,robust_yolov8n_tesseract,yolo:yolov8n.pt,tesseract,tesseract,1.0,1.0,1561.1743927001953,6716.23046875,0.0
Robust OCR (End-to-End),clean,,0.0909311923632006,18.307339449541285,6729.9996774655965,1.8329044843899305e-05,0.9090909090909092,0.9090909090909092,0.1538461538461538,uploaded_images,,2026-03-30T15:50:22Z,robust_ocr_only,full_frame,tesseract,tesseract,1.0,1.0,4543.733835220337,6800.2109375,0.0
Robust OCR (End-to-End),clean,,0.0900668258576557,55.80642201834863,6628.196530963302,1.764318483716911e-05,0.8,0.8,0.3333333333333333,uploaded_images,,2026-03-30T15:55:23Z,robust_ocr_only,full_frame,tesseract,tesseract,1.0,1.0,3585.2482318878174,7115.0625,0.0
Robust YOLO + Tesseract (yolov8n.pt),clean,,0.1075323240811901,65.01348314606741,7209.488061797752,9.630690978090247e-06,1.0,1.0,0.0,uploaded_images,,2026-03-30T15:55:56Z,robust_yolov8n_tesseract,yolo:yolov8n.pt,tesseract,tesseract,1.0,1.0,1783.672332763672,7279.0703125,0.0
YOLO + EasyOCR (yolov8n.pt),clean,,0.1613502397458467,24.43114754098361,7168.083119877049,4.400918617357179e-06,1.0,1.0,0.0,uploaded_images,,2026-03-30T15:56:15Z,yolov8n_easyocr,yolo:yolov8n.pt,easyocr,easyocr,1.0,1.0,134.8133087158203,7298.828125,0.0
YOLO + Tesseract (yolov8n.pt),clean,,2.6896693466289388,50.05489130434783,7029.213930876359,5.9651532047258506e-05,0.96,0.96,0.04,svhn_test,,2026-03-30T16:13:34Z,yolov8n_tesseract,yolo:yolov8n.pt,tesseract,tesseract,50.0,50.0,191.3452243804932,7245.578125,0.04
YOLO + EasyOCR (yolov8n.pt),clean,,0.1478286500412491,16.797014925373137,6760.320778917911,4.118206009424568e-06,1.0,1.0,0.0,uploaded_images,,2026-03-30T16:14:52Z,yolov8n_easyocr,yolo:yolov8n.pt,easyocr,easyocr,1.0,1.0,181.9419860839844,6803.0703125,0.0
Robust OCR (End-to-End),clean,,0.0696204882794584,23.59718309859155,6995.383912852113,5.142686154308262e-06,,,,uploaded_images,,2026-03-31T21:49:28Z,robust_ocr_only,full_frame,tesseract,tesseract,1.0,0.0,568.6390399932861,7088.2890625,
YOLO + EasyOCR (yolov8n.pt),clean,,0.1332413185626838,23.42837837837838,6674.749208192568,4.510096122341807e-06,1.0,1.0,0.0,uploaded_images,,2026-03-31T21:50:21Z,yolov8n_easyocr,yolo:yolov8n.pt,easyocr,easyocr,1.0,1.0,283.0221652984619,6800.171875,0.0
YOLO + EasyOCR (yolov8n.pt),clean,,2.805499793729776,63.24400000000001,6694.778303571428,7.544305335714294e-05,0.98,0.98,0.0333333333333333,svhn_test,,2026-03-31T21:50:52Z,yolov8n_easyocr,yolo:yolov8n.pt,easyocr,easyocr,50.0,50.0,216.8928337097168,6947.77734375,0.02
Tesseract (End-to-End),clean,,0.0444667556057473,30.17162162162162,6438.18018018018,4.252911863887151e-06,0.2,0.2,0.9,uploaded_images,,2026-03-31T21:55:17Z,ocr_only_tesseract,full_frame,tesseract,tesseract,1.0,1.0,244.0352439880371,6774.546875,0.0
Robust YOLO + Tesseract (yolov8n.pt),clean,,0.1208921133672544,35.349999999999994,6766.146198551829,5.30552209096953e-06,0.2,0.2,0.9,uploaded_images,,2026-03-31T21:55:42Z,robust_yolov8n_tesseract,yolo:yolov8n.pt,tesseract,tesseract,1.0,1.0,617.915153503418,6833.87109375,0.0
Robust OCR (End-to-End),clean,,0.7794569804939883,67.62307692307692,6998.629807692308,0.0,,,,uploaded_images,,2026-04-06T21:34:27Z,robust_ocr_only,full_frame,tesseract,tesseract,1.0,0.0,689.5556449890137,7007.546875,
Robust OCR (End-to-End),clean,,2.8656957895635835,56.675,7113.9892578125,0.0,0.7,0.7,0.5333333333333333,uploaded_images,,2026-04-06T21:34:42Z,robust_ocr_only,full_frame,tesseract,tesseract,1.0,1.0,331.44545555114746,7125.01171875,0.0
Robust YOLO + Tesseract (yolov8n.pt),clean,,0.8426769468213753,79.52499999999999,7281.9638671875,0.0,0.7,0.7,0.5,uploaded_images,,2026-04-06T21:35:02Z,robust_yolov8n_tesseract,yolo:yolov8n.pt,tesseract,tesseract,1.0,1.0,1165.8124923706057,7300.74609375,0.0
EasyOCR (End-to-End),clean,,0.4665986213310446,93.58095238095238,6722.495535714285,0.0,1.0,1.0,0.0,uploaded_images,,2026-04-06T21:35:36Z,ocr_only_easyocr,full_frame,easyocr,easyocr,1.0,1.0,2128.091335296631,6750.65625,0.0
Robust OCR (End-to-End),clean,,2.802023403283086,34.05,6925.1826171875,0.0,1.0,1.0,0.0,uploaded_images,,2026-04-06T21:37:16Z,robust_ocr_only,full_frame,tesseract,tesseract,1.0,1.0,347.2738265991211,6933.40234375,0.0
Robust OCR (End-to-End),clean,,1.5672059945581465,84.20000000000002,7039.018973214285,0.0,1.0,1.0,0.0,uploaded_images,,2026-04-06T21:37:21Z,robust_ocr_only,full_frame,tesseract,tesseract,1.0,1.0,619.0850734710693,7047.87109375,0.0
Robust OCR (End-to-End),clean,,1.726827745977923,71.11666666666666,6591.419270833333,0.0,2.0,2.0,0.0,uploaded_images,,2026-04-06T21:37:53Z,robust_ocr_only,full_frame,tesseract,tesseract,1.0,1.0,529.517412185669,6605.71875,0.0
Robust OCR (End-to-End),clean,,2.1212290098766045,68.03999999999999,6624.6328125,0.0,0.0,0.0,1.0,uploaded_images,,2026-04-06T21:38:02Z,robust_ocr_only,full_frame,tesseract,tesseract,1.0,1.0,434.3831539154053,6630.125,1.0
Robust OCR (End-to-End),clean,,5.17242510454472,22.45,6623.00390625,0.0,0.5,0.5,0.5,uploaded_images,,2026-04-06T21:38:13Z,robust_ocr_only,full_frame,tesseract,tesseract,1.0,1.0,181.7183494567871,6625.0625,0.0
YOLO + Tesseract (yolov8n.pt),clean,,3.9114294240525216,76.01538461538462,7100.785757211538,0.0,1.0,1.0,0.0,svhn_test,,2026-04-07T14:14:55Z,yolov8n_tesseract,yolo:yolov8n.pt,tesseract,tesseract,10.0,10.0,189.20423984527588,7136.66015625,0.0
YOLO + EasyOCR (yolov8n.pt),clean,,2.3312113288881235,80.19285714285715,6961.776413690476,0.0,1.0,1.0,0.0,svhn_format1_test,,2026-04-07T14:40:24Z,yolov8n_easyocr,yolo:yolov8n.pt,easyocr,easyocr,10.0,10.0,333.35936069488525,6988.85546875,0.0
YOLO + EasyOCR (yolov8n.pt),clean,,2.269013921452583,79.02000000000001,7091.77421875,0.0,,,,uploaded_images,,2026-04-07T14:41:06Z,yolov8n_easyocr,yolo:yolov8n.pt,easyocr,easyocr,1.0,0.0,423.34723472595215,7099.87890625,
YOLO + EasyOCR (yolov8n.pt),clean,,3.989248641337946,80.0,6812.64453125,0.0,,,,uploaded_images,,2026-04-07T14:41:28Z,yolov8n_easyocr,yolo:yolov8n.pt,easyocr,easyocr,2.0,0.0,241.03689193725583,6816.125,
EasyOCR (End-to-End),clean,,2.8442149104991663,75.0,6934.19921875,0.0,,,,uploaded_images,,2026-04-07T14:42:00Z,ocr_only_easyocr,full_frame,easyocr,easyocr,1.0,0.0,333.82296562194824,6964.875,
Robust YOLO + Tesseract (yolov8n.pt),clean,,1.2985658296364249,71.57499999999999,6951.7197265625,0.0,,,,uploaded_images,,2026-04-07T14:42:15Z,robust_yolov8n_tesseract,yolo:yolov8n.pt,tesseract,tesseract,1.0,0.0,746.814489364624,6970.39453125,
Robust OCR (End-to-End),clean,,2.472485133153186,47.65,7097.021484375,0.0,0.5,0.5,0.6666666666666666,uploaded_images,,2026-04-07T14:42:54Z,robust_ocr_only,full_frame,tesseract,tesseract,1.0,1.0,357.2709560394287,7110.9140625,0.0
Robust OCR (End-to-End),clean,,2.633645299936895,45.525000000000006,7051.23046875,0.0,0.6666666666666666,0.6666666666666666,0.5,uploaded_images,,2026-04-07T14:43:12Z,robust_ocr_only,full_frame,tesseract,tesseract,1.0,1.0,356.70924186706543,7061.1171875,0.0
Robust YOLO + Tesseract (yolov8n.pt),clean,,1.746066846950058,78.35000000000001,7009.657552083333,0.0,0.6666666666666666,0.6666666666666666,0.5,uploaded_images,,2026-04-07T14:43:25Z,robust_yolov8n_tesseract,yolo:yolov8n.pt,tesseract,tesseract,1.0,1.0,557.6436519622803,7020.86328125,0.0
EasyOCR (End-to-End),clean,,0.9659458524568229,88.82000000000001,7503.32890625,0.0,1.0,1.0,0.0,uploaded_images,,2026-04-07T14:43:48Z,ocr_only_easyocr,full_frame,easyocr,easyocr,1.0,1.0,1007.6284408569336,7525.33203125,0.0
EasyOCR (End-to-End),clean,,0.4461750232432467,95.23809523809524,7202.724144345239,0.0,1.0,1.0,0.0,uploaded_images,,2026-04-07T14:44:15Z,ocr_only_easyocr,full_frame,easyocr,easyocr,1.0,1.0,2217.876195907593,7229.4375,0.0
Robust YOLO + Tesseract (yolov8n.pt),clean,,1.2422830168169945,81.175,7267.67919921875,0.0,1.0,1.0,0.0,uploaded_images,,2026-04-07T14:44:27Z,robust_yolov8n_tesseract,yolo:yolov8n.pt,tesseract,tesseract,1.0,1.0,789.1879081726074,7293.515625,0.0
YOLO + EasyOCR (yolov8n.pt),clean,,3.115351762638394,75.0,6948.6572265625,0.0,1.0,1.0,0.0,uploaded_images,,2026-04-07T14:44:46Z,yolov8n_easyocr,yolo:yolov8n.pt,easyocr,easyocr,1.0,1.0,302.9649257659912,6957.83203125,0.0
Robust YOLO + Tesseract (yolov8n.pt),clean,,1.4888312031290876,80.6857142857143,6899.976004464285,0.0,1.0,1.0,0.0,uploaded_images,,2026-04-07T14:44:59Z,robust_yolov8n_tesseract,yolo:yolov8n.pt,tesseract,tesseract,1.0,1.0,657.4490070343018,6944.875,0.0
YOLO + EasyOCR (svhn_detect_best.pt),clean,,0.2928114641188247,99.20814332247558,7187.97822933632,0.0,1.2,1.2,0.1333333333333333,svhn_format1_test,,2026-04-11T19:24:13Z,svhn_detect_best_easyocr,yolo:svhn_detect_best.pt,easyocr,easyocr,10.0,10.0,3335.1807355880737,7512.7578125,0.0
YOLO + EasyOCR (svhn_detect_best.pt),clean,,3.760469872248328,63.73333333333333,7558.694010416667,0.0,1.0,1.0,0.0,uploaded_images,,2026-04-11T19:26:54Z,svhn_detect_best_easyocr,yolo:svhn_detect_best.pt,easyocr,easyocr,1.0,1.0,227.1878719329834,7570.67578125,0.0
YOLO + Tesseract (svhn_detect_best.pt),clean,,3.439820623977929,65.53333333333333,7132.06640625,0.0,1.0,1.0,0.0,uploaded_images,,2026-04-11T19:27:07Z,svhn_detect_best_tesseract,yolo:svhn_detect_best.pt,tesseract,tesseract,1.0,1.0,249.5572566986084,7137.3515625,0.0
EasyOCR (End-to-End),clean,,0.0654947720643413,98.95220588235294,7163.87606272978,0.0,,,,uploaded_images,,2026-04-12T06:52:13Z,ocr_only_easyocr,full_frame,easyocr,easyocr,1.0,0.0,14368.96300315857,7544.46484375,
Tesseract (End-to-End),clean,,0.926945665782294,47.81818181818182,6990.782670454545,0.0,,,,uploaded_images,,2026-04-12T06:52:53Z,ocr_only_tesseract,full_frame,tesseract,tesseract,1.0,0.0,1054.5926094055176,7007.59375,
EasyOCR (End-to-End),clean,,0.144907205650156,74.13529411764705,7187.952033547794,0.0,,,,uploaded_images,,2026-04-12T08:46:40Z,ocr_only_easyocr,full_frame,easyocr,easyocr,1.0,0.0,6327.53324508667,7583.16015625,
EasyOCR (End-to-End),clean,,0.099316426217494,78.33037974683543,6829.879400712025,0.0,,,,uploaded_images,,2026-04-12T09:29:02Z,ocr_only_easyocr,full_frame,easyocr,easyocr,1.0,0.0,6701.821088790894,7072.265625,
EasyOCR (End-to-End),clean,,0.1625544735050761,87.6967213114754,7136.343557889344,0.0,0.3,0.3,0.8421052631578947,uploaded_images,,2026-04-12T09:29:30Z,ocr_only_easyocr,full_frame,easyocr,easyocr,1.0,1.0,6123.632431030273,7310.109375,0.0
EasyOCR (End-to-End),clean,,0.1464890270767121,81.80588235294118,7325.61971507353,0.0,0.8,0.8,0.2222222222222222,uploaded_images,,2026-04-12T09:29:59Z,ocr_only_easyocr,full_frame,easyocr,easyocr,1.0,1.0,6808.395147323608,7467.55859375,0.0
EasyOCR (End-to-End),clean,,0.1490432324103533,81.80597014925374,7116.202775186567,0.0,0.6666666666666666,0.6666666666666666,0.4705882352941176,uploaded_images,,2026-04-12T09:30:32Z,ocr_only_easyocr,full_frame,easyocr,easyocr,1.0,1.0,6692.155599594116,7305.5859375,0.0
Tesseract (End-to-End),clean,,0.8746203528213846,47.225,7085.793619791667,0.0,0.2222222222222222,0.2222222222222222,0.875,uploaded_images,,2026-04-12T09:30:41Z,ocr_only_tesseract,full_frame,tesseract,tesseract,1.0,1.0,1099.578619003296,7112.83203125,0.0
Tesseract (End-to-End),clean,,1.3361455980952546,61.75,7196.23583984375,0.0,0.3,0.3,0.8235294117647058,uploaded_images,,2026-04-12T09:30:47Z,ocr_only_tesseract,full_frame,tesseract,tesseract,1.0,1.0,727.0712852478027,7222.00390625,0.0
Robust OCR (End-to-End),clean,,0.1543071626775907,85.4140625,7359.541076660156,0.0,0.6,0.6,0.4444444444444444,uploaded_images,,2026-04-12T09:31:16Z,robust_ocr_only,full_frame,easyocr,easyocr,1.0,1.0,6462.464809417725,7514.25,0.0
YOLO + EasyOCR (svhn_detect_best.pt),clean,,2.3508392964135205,79.64,7141.81484375,0.0,1.0,1.0,0.0,uploaded_images,,2026-04-12T09:31:35Z,svhn_detect_best_easyocr,yolo:svhn_detect_best.pt,easyocr,easyocr,1.0,1.0,407.4740409851074,7144.5859375,0.0
YOLO + EasyOCR (svhn_best.pt),clean,,5.291882835052587,50.0,7217.4921875,0.0,1.0,1.0,0.0,uploaded_images,,2026-04-12T09:31:53Z,svhn_best_easyocr,yolo:svhn_best.pt,easyocr,easyocr,1.0,1.0,170.975923538208,7220.24609375,0.0
YOLO + EasyOCR (yolov8n.pt),clean,,5.276119553185066,50.0,7313.1640625,0.0,1.0,1.0,0.0,uploaded_images,,2026-04-12T09:32:09Z,yolov8n_easyocr,yolo:yolov8n.pt,easyocr,easyocr,1.0,1.0,171.34428024291992,7313.28125,0.0
Robust YOLO + Tesseract (yolov8n.pt),clean,,1.0836768345081358,69.27000000000001,7010.80390625,0.0,0.2,0.2,0.8888888888888888,uploaded_images,,2026-04-12T09:32:24Z,robust_yolov8n_tesseract,yolo:yolov8n.pt,tesseract,tesseract,1.0,1.0,903.102159500122,7031.69921875,0.0
EasyOCR (End-to-End),clean,,0.1602855979918136,98.23666666666666,6966.388997395833,0.0,3.0,3.0,0.2916666666666667,uploaded_images,,2026-04-12T09:33:24Z,ocr_only_easyocr,full_frame,easyocr,easyocr,1.0,1.0,6220.6666469573975,6997.9609375,0.0
EasyOCR (End-to-End),clean,,0.158875301965248,98.09016393442624,7000.43602715164,0.0,2.9,2.9,0.375,uploaded_images,,2026-04-12T09:33:49Z,ocr_only_easyocr,full_frame,easyocr,easyocr,1.0,1.0,6273.495197296143,7017.57421875,0.0
Tesseract (End-to-End),clean,,0.4085651014062232,46.38400000000001,7042.82390625,0.0,1.0,1.0,0.0,uploaded_images,,2026-04-12T09:34:53Z,ocr_only_tesseract,full_frame,tesseract,tesseract,1.0,1.0,2423.725128173828,7067.37890625,0.0
Robust YOLO + Tesseract (yolov8n.pt),clean,,0.3406928983350715,52.45862068965518,7033.46484375,0.0,1.0,1.0,0.0,uploaded_images,,2026-04-12T09:35:08Z,robust_yolov8n_tesseract,yolo:yolov8n.pt,tesseract,tesseract,1.0,1.0,2916.11123085022,7062.33203125,0.0
Robust OCR (End-to-End),clean,,0.1623272369695972,98.11355932203392,7057.130693855932,0.0,2.9,2.9,0.375,uploaded_images,,2026-04-12T09:35:38Z,robust_ocr_only,full_frame,easyocr,easyocr,1.0,1.0,6140.596628189087,7092.3984375,0.0
Robust OCR (End-to-End),clean,,0.0286458125241096,98.06925566343044,6979.181786003236,0.0,1.0,1.0,0.0,uploaded_images,,2026-04-12T09:36:44Z,robust_ocr_only,full_frame,easyocr,easyocr,1.0,1.0,34792.709827423096,7782.33984375,0.0
YOLO + EasyOCR (best.pt),clean,,0.4917782027665385,87.84285714285714,7091.084821428572,0.0,,,,uploaded_images,,2026-04-12T10:20:30Z,best_easyocr,yolo:best.pt,easyocr,easyocr,1.0,0.0,1642.0998573303225,7141.46484375,
YOLO + EasyOCR (best.pt),clean,,0.6354917476907898,93.2,6576.13427734375,0.0,2.1,2.1,0.4878048780487805,uploaded_images,,2026-04-12T10:20:50Z,best_easyocr,yolo:best.pt,easyocr,easyocr,1.0,1.0,1494.842767715454,6665.484375,0.0
YOLO + Tesseract (best.pt),clean,,1.0478561228436063,58.98,6618.570703125,0.0,1.0,1.0,0.0,uploaded_images,,2026-04-12T10:21:02Z,best_tesseract,yolo:best.pt,tesseract,tesseract,1.0,1.0,934.56768989563,6632.80859375,0.0
YOLO + EasyOCR (best.pt),clean,,0.2270046456267266,94.59047619047618,6765.764415922619,0.0,,,,uploaded_images,,2026-04-12T10:22:52Z,best_easyocr,yolo:best.pt,easyocr,easyocr,1.0,0.0,4029.823303222656,6926.48828125,
YOLO + EasyOCR (best.pt),clean,,0.2845267985281113,100.0,7227.753314393939,0.0,0.8,0.8,0.6923076923076923,uploaded_images,,2026-04-12T10:23:19Z,best_easyocr,yolo:best.pt,easyocr,easyocr,1.0,1.0,3490.3955459594727,7271.69921875,0.0
YOLO + EasyOCR (best.pt),clean,,0.7015121559030377,92.85714285714286,6861.446707589285,0.0,,,,uploaded_images,,2026-04-12T10:29:11Z,best_easyocr,yolo:best.pt,easyocr,easyocr,1.0,0.0,1332.2200775146484,6920.56640625,
YOLO + EasyOCR (best.pt),clean,,1.6573029645554906,79.0,7506.395833333333,0.0,0.1818181818181818,0.1818181818181818,0.9,uploaded_images,,2026-04-12T10:29:35Z,best_easyocr,yolo:best.pt,easyocr,easyocr,1.0,1.0,583.0082893371582,7514.625,0.0
YOLO + Tesseract (best.pt),clean,,1.012931938032572,74.79,7603.51796875,0.0,1.0,1.0,0.0,uploaded_images,,2026-04-12T10:29:44Z,best_tesseract,yolo:best.pt,tesseract,tesseract,1.0,1.0,967.5204753875732,7624.125,0.0
YOLO + EasyOCR (svhn_detect_best.pt),clean,,2.858795030937363,75.0,7436.0458984375,0.0,1.0,1.0,0.0,uploaded_images,,2026-04-12T10:31:33Z,svhn_detect_best_easyocr,yolo:svhn_detect_best.pt,easyocr,easyocr,1.0,1.0,319.659948348999,7453.7265625,0.0
YOLO + Tesseract (yolov8n.pt),clean,,0.3910500592639375,76.00416666666666,6763.465006510417,0.0,1.0,1.0,0.0,uploaded_images,,2026-04-12T10:32:41Z,yolov8n_tesseract,yolo:yolov8n.pt,tesseract,tesseract,1.0,1.0,2495.861530303955,6812.0703125,0.0
YOLO + EasyOCR (yolov8n.pt),clean,,0.3157789809736249,96.52903225806452,7099.5558215725805,0.0,0.0909090909090909,0.0909090909090909,0.9090909090909092,uploaded_images,,2026-04-12T10:33:02Z,yolov8n_easyocr,yolo:yolov8n.pt,easyocr,easyocr,1.0,1.0,3114.223957061768,7180.22265625,0.0
YOLO + EasyOCR (yolov8n.pt),clean,,0.1885138571013919,97.925,7216.416391225962,0.0,0.8181818181818182,0.8181818181818182,0.4615384615384615,uploaded_images,,2026-04-12T10:34:03Z,yolov8n_easyocr,yolo:yolov8n.pt,easyocr,easyocr,1.0,1.0,5289.987087249756,7258.8828125,0.0
YOLO + EasyOCR (yolov8n.pt),clean,,0.1916971532476578,97.964,7389.589140625,0.0,0.3636363636363636,0.3636363636363636,0.8461538461538461,uploaded_images,,2026-04-12T10:34:31Z,yolov8n_easyocr,yolo:yolov8n.pt,easyocr,easyocr,1.0,1.0,5201.7152309417725,7432.921875,0.0
YOLO + EasyOCR (best.pt),clean,,0.8428727055036563,100.0,7388.197591145833,0.0,0.3636363636363636,0.3636363636363636,0.8461538461538461,uploaded_images,,2026-04-12T10:34:53Z,best_easyocr,yolo:best.pt,easyocr,easyocr,1.0,1.0,1161.3924503326416,7469.74609375,0.0
YOLO + Tesseract (best.pt),clean,,0.7924989759100796,78.82307692307693,7202.914963942308,0.0,0.9090909090909092,0.9090909090909092,0.1538461538461538,uploaded_images,,2026-04-12T10:35:10Z,best_tesseract,yolo:best.pt,tesseract,tesseract,1.0,1.0,1220.4251289367676,7218.13671875,0.0
YOLO + Tesseract (best.pt),clean,,0.625306685928414,78.39375,6110.322509765625,0.0,0.8181818181818182,0.8181818181818182,0.2105263157894736,uploaded_images,,2026-04-12T10:38:11Z,best_tesseract,yolo:best.pt,tesseract,tesseract,1.0,1.0,1567.3110485076904,6135.78125,0.0
YOLO + EasyOCR (best.pt),clean,,0.6623818687921993,93.33333333333331,6950.265364583333,0.0,1.818181818181818,1.818181818181818,0.2352941176470588,uploaded_images,,2026-04-12T10:38:34Z,best_easyocr,yolo:best.pt,easyocr,easyocr,1.0,1.0,1493.948459625244,7013.65234375,0.0
YOLO + EasyOCR (yolov8n.pt),clean,,0.7085103425046171,87.21428571428571,7115.998604910715,0.0,1.0,1.0,0.0,uploaded_images,,2026-04-12T10:38:52Z,yolov8n_easyocr,yolo:yolov8n.pt,easyocr,easyocr,1.0,1.0,1397.2835540771484,7138.1484375,0.0
YOLO + EasyOCR (svhn_best.pt),clean,,3.790162737466667,66.66666666666667,7378.76171875,0.0,1.0,1.0,0.0,uploaded_images,,2026-04-12T10:39:09Z,svhn_best_easyocr,yolo:svhn_best.pt,easyocr,easyocr,1.0,1.0,249.65929985046387,7391.28125,0.0
Robust OCR (End-to-End),clean,,0.0677849368609846,98.64405594405596,7334.425808566433,0.0,27.545454545454547,27.545454545454547,0.0,uploaded_images,,2026-04-12T10:39:35Z,robust_ocr_only,full_frame,easyocr,easyocr,1.0,1.0,14727.476119995115,7457.640625,0.0
Robust YOLO + Tesseract (yolov8n.pt),clean,,0.6055398695426137,85.00588235294117,7493.688648897059,0.0,0.9090909090909092,0.9090909090909092,0.1666666666666666,uploaded_images,,2026-04-12T10:39:53Z,robust_yolov8n_tesseract,yolo:yolov8n.pt,tesseract,tesseract,1.0,1.0,1632.1556568145752,7534.484375,0.0
EasyOCR (End-to-End),clean,,0.0790823164242933,98.09435483870968,7261.403698336693,0.0,27.545454545454547,27.545454545454547,0.0,uploaded_images,,2026-04-12T10:40:16Z,ocr_only_easyocr,full_frame,easyocr,easyocr,1.0,1.0,12630.191802978516,7535.22265625,0.0
EasyOCR (End-to-End),clean,,1.3025934451441072,87.2875,7147.85791015625,0.0,0.0,0.0,1.0,uploaded_images,,2026-04-12T10:40:57Z,ocr_only_easyocr,full_frame,easyocr,easyocr,1.0,1.0,754.1887760162354,7173.2109375,1.0
Tesseract (End-to-End),clean,,3.0332863499713256,45.375,7219.8916015625,0.0,0.6,0.6,0.5333333333333333,uploaded_images,,2026-04-12T10:41:04Z,ocr_only_tesseract,full_frame,tesseract,tesseract,1.0,1.0,315.2914047241211,7228.21484375,0.0
YOLO + Tesseract (yolov8n.pt),clean,,0.8217543399061732,80.13076923076923,7215.341346153846,0.0,0.8,0.8,0.3076923076923077,uploaded_images,,2026-04-12T10:41:18Z,yolov8n_tesseract,yolo:yolov8n.pt,tesseract,tesseract,1.0,1.0,1201.3311386108398,7250.83984375,0.0
YOLO + EasyOCR (yolov8n.pt),clean,,0.9001855827506553,90.9090909090909,7461.000355113636,0.0,0.1,0.1,0.9523809523809524,uploaded_images,,2026-04-12T10:41:29Z,yolov8n_easyocr,yolo:yolov8n.pt,easyocr,easyocr,1.0,1.0,1094.8472023010254,7482.1640625,0.0
YOLO + EasyOCR (best.pt),clean,,5.361729435090576,50.0,7541.525390625,0.0,1.0,1.0,0.0,uploaded_images,,2026-04-12T10:41:44Z,best_easyocr,yolo:best.pt,easyocr,easyocr,1.0,1.0,174.06630516052246,7566.48046875,0.0
YOLO + Tesseract (best.pt),clean,,4.677712882406539,66.66666666666667,7171.307291666667,0.0,1.0,1.0,0.0,uploaded_images,,2026-04-12T10:41:50Z,best_tesseract,yolo:best.pt,tesseract,tesseract,1.0,1.0,198.4846591949463,7180.76953125,0.0
YOLO + Tesseract (best.pt),clean,,4.855828018435528,66.66666666666667,7228.217447916667,0.0,1.0,1.0,0.0,uploaded_images,,2026-04-12T10:42:04Z,best_tesseract,yolo:best.pt,tesseract,tesseract,1.0,1.0,191.9314861297608,7245.109375,0.0
YOLO + EasyOCR (best.pt),clean,,5.183374856645707,50.0,7308.23046875,0.0,1.0,1.0,0.0,uploaded_images,,2026-04-12T10:42:16Z,best_easyocr,yolo:best.pt,easyocr,easyocr,1.0,1.0,179.58331108093262,7321.00390625,0.0
YOLO + Tesseract (yolov8n.pt),clean,,5.090217999424753,50.0,7378.607421875,0.0,1.0,1.0,0.0,uploaded_images,,2026-04-12T10:42:21Z,yolov8n_tesseract,yolo:yolov8n.pt,tesseract,tesseract,1.0,1.0,174.35669898986816,7382.296875,0.0
YOLO + EasyOCR (yolov8n.pt),clean,,5.873355327646179,50.0,6787.17578125,0.0,1.0,1.0,0.0,uploaded_images,,2026-04-12T10:42:35Z,yolov8n_easyocr,yolo:yolov8n.pt,easyocr,easyocr,1.0,1.0,154.06084060668945,6787.19921875,0.0
EasyOCR (End-to-End),clean,,1.5255642614643627,85.71428571428571,6333.746651785715,0.0,0.375,0.375,0.8,uploaded_images,,2026-04-12T10:42:45Z,ocr_only_easyocr,full_frame,easyocr,easyocr,1.0,1.0,640.9931182861328,6351.31640625,0.0
Tesseract (End-to-End),clean,,2.532867216481648,82.075,6336.224609375,0.0,0.625,0.625,0.5454545454545454,uploaded_images,,2026-04-12T10:42:52Z,ocr_only_tesseract,full_frame,tesseract,tesseract,1.0,1.0,370.7444667816162,6344.19140625,0.0
Tesseract (End-to-End),clean,,2.6735900448179524,75.0,6336.5849609375,0.0,0.625,0.625,0.5454545454545454,uploaded_images,,2026-04-12T10:42:53Z,ocr_only_tesseract,full_frame,tesseract,tesseract,1.0,1.0,351.38845443725586,6351.328125,0.0
Robust YOLO + Tesseract (yolov8n.pt),clean,,1.8334761306928065,83.33333333333333,6520.513020833333,0.0,0.375,0.375,0.7142857142857143,uploaded_images,,2026-04-12T10:42:58Z,robust_yolov8n_tesseract,yolo:yolov8n.pt,tesseract,tesseract,1.0,1.0,530.2624702453613,6533.0625,0.0
Robust OCR (End-to-End),clean,,1.6100653652978905,83.0,6574.739583333333,0.0,0.375,0.375,0.8,uploaded_images,,2026-04-12T10:43:08Z,robust_ocr_only,full_frame,easyocr,easyocr,1.0,1.0,608.1862449645996,6603.86328125,0.0
EasyOCR (End-to-End),clean,,1.6185262676958008,83.33333333333333,6741.752604166667,0.0,0.375,0.375,0.8,uploaded_images,,2026-04-12T10:43:28Z,ocr_only_easyocr,full_frame,easyocr,easyocr,1.0,1.0,604.3262481689453,6770.51953125,0.0
YOLO + EasyOCR (svhn_best.pt),clean,,5.021603061112096,50.0,6830.630859375,0.0,1.0,1.0,0.0,uploaded_images,,2026-04-12T10:43:42Z,svhn_best_easyocr,yolo:svhn_best.pt,easyocr,easyocr,1.0,1.0,183.89201164245603,6830.80078125,0.0
YOLO + EasyOCR (svhn_detect_best.pt),clean,,6.511812478361515,50.0,6579.484375,0.0,1.0,1.0,0.0,uploaded_images,,2026-04-12T10:43:51Z,svhn_detect_best_easyocr,yolo:svhn_detect_best.pt,easyocr,easyocr,1.0,1.0,137.37249374389648,6579.80859375,0.0
YOLO + EasyOCR (yolov8s.pt),clean,,0.653010793669773,65.48666666666666,6651.846875,0.0,,,,uploaded_images,,2026-04-12T12:29:13Z,yolov8s_easyocr,yolo:yolov8s.pt,easyocr,easyocr,1.0,0.0,777.3168087005615,6667.80078125,
YOLO + EasyOCR (yolov8s.pt),clean,,1.9370991802332287,80.8,6636.083333333333,0.0,,,,uploaded_images,,2026-04-12T12:29:45Z,yolov8s_easyocr,yolo:yolov8s.pt,easyocr,easyocr,1.0,0.0,496.71459197998047,6642.41015625,
YOLO + EasyOCR (yolov8s.pt),clean,,0.0682389934446506,98.37898550724636,6902.440132472826,0.0,,,,uploaded_images,,2026-04-12T12:30:35Z,yolov8s_easyocr,yolo:yolov8s.pt,easyocr,easyocr,1.0,0.0,14634.103059768677,7163.8359375,
YOLO + EasyOCR (best.pt),clean,,0.5340845119204651,100.0,7181.113486842105,0.0,0.0,0.0,1.0,uploaded_images,,2026-04-12T12:31:32Z,best_easyocr,yolo:best.pt,easyocr,easyocr,1.0,1.0,1834.6168994903564,7270.60546875,1.0
YOLO + EasyOCR (yolov8n.pt),clean,,0.0910791585555849,98.9375,7328.61865234375,0.0,0.1818181818181818,0.1818181818181818,0.9090909090909092,uploaded_images,,2026-04-12T12:32:10Z,yolov8n_easyocr,yolo:yolov8n.pt,easyocr,easyocr,1.0,1.0,10955.13153076172,7574.8046875,0.0
EasyOCR (End-to-End),clean,,0.1621266568895221,97.55689655172414,7433.452855603448,0.0,0.6363636363636364,0.6363636363636364,0.7586206896551724,uploaded_images,,2026-04-12T12:33:02Z,ocr_only_easyocr,full_frame,easyocr,easyocr,1.0,1.0,6137.724161148071,7538.26171875,0.0
YOLO + Tesseract (yolov8n.pt),clean,,0.5941071785722177,67.62666666666667,7600.865104166666,0.0,1.0,1.0,0.0,uploaded_images,,2026-04-12T12:37:55Z,yolov8n_tesseract,yolo:yolov8n.pt,tesseract,tesseract,1.0,1.0,853.6107540130615,7629.8125,0.0
YOLO + EasyOCR (best.pt),clean,,3.005482422355041,71.425,7065.08203125,0.0,1.0,1.0,0.0,uploaded_images,,2026-04-12T12:38:27Z,best_easyocr,yolo:best.pt,easyocr,easyocr,1.0,1.0,310.9860420227051,7095.96875,0.0
YOLO + EasyOCR (best.pt),clean,,0.6392449348387776,91.05714285714284,7510.952845982143,0.0,1.0,1.0,0.0,uploaded_images,,2026-04-12T12:39:07Z,best_easyocr,yolo:best.pt,easyocr,easyocr,1.0,1.0,1261.378288269043,7603.82421875,0.0
YOLO + EasyOCR (best.pt),clean,,1.314999501502703,87.5,6477.55810546875,0.0,1.0,1.0,0.0,uploaded_images,,2026-04-12T12:48:50Z,best_easyocr,yolo:best.pt,easyocr,easyocr,1.0,1.0,610.1028919219971,6520.28515625,0.0
Tesseract (End-to-End),clean,,0.5619656922971797,83.26666666666667,6774.441189236111,0.0,0.5161290322580645,0.5161290322580645,0.5882352941176471,uploaded_images,,2026-04-12T12:49:01Z,ocr_only_tesseract,full_frame,tesseract,tesseract,1.0,1.0,1728.6784648895264,6803.1171875,0.0
EasyOCR (End-to-End),clean,,0.4214128948224025,95.65217391304348,6871.048403532609,0.0,0.0,0.0,1.0,uploaded_images,,2026-04-12T12:49:26Z,ocr_only_easyocr,full_frame,easyocr,easyocr,1.0,1.0,2355.035781860352,6899.7734375,1.0
Tesseract (End-to-End),clean,,0.3799857166890876,90.928,7485.35484375,0.0,0.5161290322580645,0.5161290322580645,0.5882352941176471,uploaded_images,,2026-04-12T12:50:04Z,ocr_only_tesseract,full_frame,tesseract,tesseract,1.0,1.0,2488.617181777954,7507.56640625,0.0
Tesseract (End-to-End),clean,,0.4143699484416512,89.41249999999998,7517.68994140625,0.0,1.0,1.0,0.0,uploaded_images,,2026-04-12T12:54:29Z,ocr_only_tesseract,full_frame,tesseract,tesseract,1.0,1.0,2363.585948944092,7552.99609375,0.0
EasyOCR (End-to-End),clean,,0.2584054544858621,97.29729729729728,6134.366554054054,0.0,1.0,1.0,0.0,uploaded_images,,2026-04-12T12:54:51Z,ocr_only_easyocr,full_frame,easyocr,easyocr,1.0,1.0,3853.318214416504,6184.90234375,0.0
EasyOCR (End-to-End),clean,,0.0527185828472122,99.33223684210526,7627.040989925987,0.0,,,,uploaded_images,,2026-04-12T13:03:25Z,ocr_only_easyocr,full_frame,easyocr,easyocr,1.0,0.0,18367.393732070923,7869.765625,
EasyOCR (End-to-End),clean,,0.0363793000757014,96.34229074889866,7449.404907764318,0.0,1.0,1.0,0.0,uploaded_images,,2026-04-12T13:06:56Z,ocr_only_easyocr,full_frame,easyocr,easyocr,1.0,1.0,23411.86571121216,8009.58203125,0.0
EasyOCR (End-to-End),clean,,0.1213037326247672,98.09508196721312,7399.329405737705,0.0,1.0,1.0,0.0,uploaded_images,,2026-04-12T13:12:03Z,ocr_only_easyocr,full_frame,easyocr,easyocr,1.0,1.0,8003.498792648315,7623.3984375,0.0
Hybrid best.pt + Easyocr,clean,,0.745157670081814,85.65714285714286,6838.698939732143,0.0,0.0,0.0,1.0,uploaded_images,,2026-04-12T13:39:27Z,hybrid_best_easyocr,yolo:best.pt,easyocr,easyocr,1.0,1.0,841.5162563323975,6919.3515625,1.0
YOLO + EasyOCR (svhn_best.pt),clean,,2.642743818607752,75.0,6789.7880859375,0.0,1.0,1.0,0.0,uploaded_images,,2026-04-12T13:40:04Z,svhn_best_easyocr,yolo:svhn_best.pt,easyocr,easyocr,1.0,1.0,351.7038822174072,6811.125,0.0
YOLO + EasyOCR (svhn_detect_best.pt),clean,,5.32336258812928,50.0,6533.1953125,0.0,1.0,1.0,0.0,uploaded_images,,2026-04-12T13:40:19Z,svhn_detect_best_easyocr,yolo:svhn_detect_best.pt,easyocr,easyocr,1.0,1.0,169.8620319366455,6545.9453125,0.0
EasyOCR (End-to-End),clean,,1.8444608619173264,83.05,7022.381510416667,0.0,0.0,0.0,1.0,uploaded_images,,2026-04-12T13:40:37Z,ocr_only_easyocr,full_frame,easyocr,easyocr,1.0,1.0,514.8482322692871,7042.69921875,1.0
EasyOCR (End-to-End),clean,,0.887832203831838,76.32727272727274,6676.085582386364,0.0,0.25,0.25,0.75,uploaded_images,,2026-04-12T14:24:57Z,ocr_only_easyocr,full_frame,easyocr,easyocr,1.0,1.0,547.1057891845703,6689.53515625,0.0
EasyOCR (End-to-End),clean,,0.8684519092858608,88.27499999999999,6815.698893229167,0.0,2.25,2.25,0.2666666666666666,uploaded_images,,2026-04-12T14:25:16Z,ocr_only_easyocr,full_frame,easyocr,easyocr,1.0,1.0,1137.5625133514404,6842.0625,0.0
EasyOCR (End-to-End),clean,,1.1004336611744296,60.92222222222222,6831.444010416667,0.0,0.0909090909090909,0.0909090909090909,0.9090909090909092,uploaded_images,,2026-04-12T14:25:42Z,ocr_only_easyocr,full_frame,easyocr,easyocr,1.0,1.0,896.1231708526611,6841.28515625,0.0
Tesseract (End-to-End),clean,,2.689837524810574,29.35,6861.6259765625,0.0,0.0,0.0,1.0,uploaded_images,,2026-04-12T14:26:04Z,ocr_only_tesseract,full_frame,tesseract,tesseract,1.0,1.0,355.89599609375,6883.98046875,1.0
Tesseract (End-to-End),clean,,0.1817255886004877,24.238181818181825,6958.822940340909,0.0,0.8181818181818182,0.8181818181818182,0.4,uploaded_images,,2026-04-12T14:26:22Z,ocr_only_tesseract,full_frame,tesseract,tesseract,1.0,1.0,5494.41385269165,7031.55078125,0.0
Tesseract (End-to-End),clean,,0.1637527377012609,37.96229508196721,6859.2758068647545,0.0,2.0,2.0,0.1538461538461538,uploaded_images,,2026-04-12T14:26:37Z,ocr_only_tesseract,full_frame,tesseract,tesseract,1.0,1.0,6095.462560653687,6977.28125,0.0
EasyOCR (End-to-End),clean,,0.1358390023545987,72.75342465753425,6873.714950770548,0.0,4.0,4.0,0.3333333333333333,uploaded_images,,2026-04-12T14:26:54Z,ocr_only_easyocr,full_frame,easyocr,easyocr,1.0,1.0,7348.65665435791,7271.30859375,0.0
YOLO + EasyOCR (best.pt),clean,,2.733717181803132,69.60000000000001,6682.48828125,0.0,1.0,1.0,0.0,uploaded_images,,2026-04-12T14:28:17Z,best_easyocr,yolo:best.pt,easyocr,easyocr,1.0,1.0,350.8174419403076,6697.46484375,0.0
YOLO + EasyOCR (yolov8n.pt),clean,,4.922348942722282,50.0,6652.384765625,0.0,1.0,1.0,0.0,uploaded_images,,2026-04-12T14:29:12Z,yolov8n_easyocr,yolo:yolov8n.pt,easyocr,easyocr,1.0,1.0,190.1342868804932,6652.5078125,0.0
YOLO + EasyOCR (yolov8s.pt),clean,,2.699904280718197,74.55,6743.828125,0.0,1.0,1.0,0.0,uploaded_images,,2026-04-12T14:29:28Z,yolov8s_easyocr,yolo:yolov8s.pt,easyocr,easyocr,1.0,1.0,357.69200325012207,6746.1640625,0.0
EasyOCR (End-to-End),clean,,0.0151609261574426,74.37046153846154,7159.818022836538,0.0,1.0,1.0,0.0,uploaded_images,,2026-04-12T14:33:49Z,ocr_only_easyocr,full_frame,easyocr,easyocr,1.0,1.0,65636.21592521667,8020.71484375,0.0
EasyOCR (End-to-End),clean,,0.3052960512883484,82.08181818181818,7542.891927083333,0.0,2.25,2.25,0.4,uploaded_images,,2026-04-12T14:35:44Z,ocr_only_easyocr,full_frame,easyocr,easyocr,1.0,1.0,3242.812156677246,7683.9375,0.0
EasyOCR (End-to-End),clean,,0.0322667513942145,67.91114864864866,7358.388302364865,0.0,1.5,1.5,0.1818181818181818,uploaded_images,,2026-04-12T14:38:06Z,ocr_only_easyocr,full_frame,easyocr,easyocr,1.0,1.0,30444.738626480103,8020.875,0.0
EasyOCR (End-to-End),clean,,0.0445296611447094,69.30904977375565,7425.593502545249,0.0,1.5,1.5,0.1818181818181818,uploaded_images,,2026-04-12T14:38:54Z,ocr_only_easyocr,full_frame,easyocr,easyocr,1.0,1.0,22329.42771911621,8020.86328125,0.0
EasyOCR (End-to-End),clean,,1.1704065430862003,66.86666666666666,7429.9453125,0.0,0.2,0.2,0.8888888888888888,uploaded_images,,2026-04-12T14:42:56Z,ocr_only_easyocr,full_frame,easyocr,easyocr,1.0,1.0,815.7563209533691,7459.03125,0.0
YOLO + EasyOCR (best.pt),clean,,0.9382136891874572,89.44545454545455,6251.454900568182,0.0,0.2,0.2,0.8888888888888888,uploaded_images,,2026-04-12T14:43:18Z,best_easyocr,yolo:best.pt,easyocr,easyocr,1.0,1.0,1053.6212921142578,6327.43359375,0.0
YOLO + EasyOCR (best.pt),clean,,0.4587910474193014,94.805,6545.9630859375,0.0,1.4,1.4,0.4,uploaded_images,,2026-04-12T14:43:43Z,best_easyocr,yolo:best.pt,easyocr,easyocr,1.0,1.0,2167.2935485839844,6619.4140625,0.0
YOLO + EasyOCR (best.pt),clean,,0.532355988088478,93.53333333333332,6881.581814236111,0.0,0.4,0.4,0.7,uploaded_images,,2026-04-12T14:44:09Z,best_easyocr,yolo:best.pt,easyocr,easyocr,1.0,1.0,1866.5683269500728,6915.015625,0.0
YOLO + Tesseract (best.pt),clean,,1.1565172218686683,60.23333333333333,6882.132378472223,0.0,0.9,0.9,0.1538461538461538,uploaded_images,,2026-04-12T14:44:19Z,best_tesseract,yolo:best.pt,tesseract,tesseract,1.0,1.0,848.3302593231201,6910.6875,0.0
EasyOCR (End-to-End),clean,,0.088018914846571,96.24666666666668,7361.565104166667,0.0,0.1,0.1,0.9473684210526316,uploaded_images,,2026-04-12T14:44:41Z,ocr_only_easyocr,full_frame,easyocr,easyocr,1.0,1.0,11341.481447219849,7751.38671875,0.0
Tesseract (End-to-End),clean,,0.1662802800251915,21.63833333333333,6629.338997395834,0.0,1.0,1.0,0.0,uploaded_images,,2026-04-12T14:45:00Z,ocr_only_tesseract,full_frame,tesseract,tesseract,1.0,1.0,5921.014070510864,6693.20703125,0.0
YOLO + EasyOCR (yolov8n.pt),clean,,0.1286642575003003,97.88732394366195,6830.68183318662,0.0,0.3,0.3,0.8181818181818182,uploaded_images,,2026-04-12T14:45:21Z,yolov8n_easyocr,yolo:yolov8n.pt,easyocr,easyocr,1.0,1.0,7756.206274032593,7114.91015625,0.0
EasyOCR (End-to-End),clean,,0.0365915755059544,78.51203007518797,7198.663284187031,0.0,1.5,1.5,0.1818181818181818,uploaded_images,,2026-04-12T14:47:35Z,ocr_only_easyocr,full_frame,easyocr,easyocr,1.0,1.0,26819.252729415894,8020.99609375,0.0
EasyOCR (End-to-End),clean,,0.2547813446268085,78.93157894736841,7395.699527138157,0.0,1.0,1.0,0.0,uploaded_images,,2026-04-12T14:48:18Z,ocr_only_easyocr,full_frame,easyocr,easyocr,1.0,1.0,3663.25044631958,7602.87109375,0.0
YOLO + EasyOCR (best.pt),clean,,0.3208035998989473,95.32333333333334,7367.902994791667,0.0,2.0,2.0,0.2857142857142857,uploaded_images,,2026-04-12T14:48:50Z,best_easyocr,yolo:best.pt,easyocr,easyocr,1.0,1.0,3105.099678039551,7467.0078125,0.0
EasyOCR (End-to-End),clean,,0.3735896432139028,95.52307692307691,7394.623197115385,0.0,1.0,1.0,0.0,uploaded_images,,2026-04-12T14:50:27Z,ocr_only_easyocr,full_frame,easyocr,easyocr,1.0,1.0,2650.60830116272,7520.37109375,0.0
EasyOCR (End-to-End),clean,,0.166314229506439,95.51730769230768,7387.15106670673,0.0,,,,uploaded_images,,2026-04-12T14:57:20Z,ocr_only_easyocr,full_frame,easyocr,easyocr,1.0,0.0,5211.194515228272,7612.9609375,
EasyOCR (End-to-End),clean,,0.371070358652346,87.90370370370368,6816.112991898148,0.0,0.3,0.3,0.8235294117647058,uploaded_images,,2026-04-12T14:57:40Z,ocr_only_easyocr,full_frame,easyocr,easyocr,1.0,1.0,2659.379005432129,6916.32421875,0.0
Tesseract (End-to-End),clean,,1.7074573105547737,47.98333333333333,7018.15625,0.0,0.1,0.1,0.9473684210526316,uploaded_images,,2026-04-12T14:57:53Z,ocr_only_tesseract,full_frame,tesseract,tesseract,1.0,1.0,575.6464004516602,7043.328125,0.0
YOLO + EasyOCR (best.pt),clean,,0.2699201116258213,97.04857142857142,6884.402678571429,0.0,0.0,0.0,1.0,uploaded_images,,2026-04-12T14:58:12Z,best_easyocr,yolo:best.pt,easyocr,easyocr,1.0,1.0,3690.040111541748,7033.92578125,1.0
YOLO + EasyOCR (best.pt),clean,,0.246223713311642,97.22222222222224,6568.4072265625,0.0,0.0,0.0,1.0,uploaded_images,,2026-04-12T14:58:29Z,best_easyocr,yolo:best.pt,easyocr,easyocr,1.0,1.0,4037.4674797058105,6621.03515625,1.0
EasyOCR (End-to-End),clean,,0.3957583889932415,95.65217391304348,6768.555706521739,0.0,0.3,0.3,0.8235294117647058,uploaded_images,,2026-04-12T14:58:48Z,ocr_only_easyocr,full_frame,easyocr,easyocr,1.0,1.0,2508.578300476074,6815.37890625,0.0
YOLO + EasyOCR (best1.pt),clean,,0.0139625745900393,98.04822485207102,6906.010204789201,0.0,,,,uploaded_images,,2026-04-13T10:55:38Z,best1_easyocr,yolo:best1.pt,easyocr,easyocr,1.0,0.0,70444.15974617004,7286.21875,
YOLO + EasyOCR (best1.pt),clean,,0.0140538329878833,99.3154069767442,6781.243220839389,0.0,1.0,1.0,0.0,uploaded_images,,2026-04-13T10:57:26Z,best1_easyocr,yolo:best1.pt,easyocr,easyocr,1.0,1.0,71141.26467704773,6958.29296875,0.0
YOLO + Tesseract (best1.pt),clean,,0.23857663912426763,44.63658536585365,6885.228277439024,0.0,0.6,0.6,0.5714285714285714,uploaded_images,,2026-04-13T10:57:44Z,best1_tesseract,yolo:best1.pt,tesseract,tesseract,1.0,1.0,4171.971321105957,6934.5078125,0.0
